Fsm,No_of_testcases,No_of_threads,Time taken
halflife2-deathmatch.test,131072,4,36.98166
halflife2-deathmatch.test,256,4,0.056571
halflife2-deathmatch.test,1088400,8,3329.696661
halflife2-deathmatch.test,131072,1,92.718603
halflife2-deathmatch.test,131072,8,19.713788
halflife2-deathmatch.test,65536,1,52.098694
halflife2-deathmatch.test,256,32,4.434022
halflife2-deathmatch.test,1088400,1,10344.762983
halflife2-deathmatch.test,65536,4,16.248187
halflife2-deathmatch.test,256,8,0.034432
halflife2-deathmatch.test,131072,32,13.807439
halflife2-deathmatch.test,1088400,4,6055.216863
halflife2-deathmatch.test,4096,4,1.146726
halflife2-deathmatch.test,65536,8,10.2178
halflife2-deathmatch.test,4096,32,0.286001
halflife2-deathmatch.test,4096,8,0.621449
halflife2-deathmatch.test,16384,8,2.364202
halflife2-deathmatch.test,16384,4,4.402872
halflife2-deathmatch.test,65536,32,9.246165
halflife2-deathmatch.test,256,1,0.079759
halflife2-deathmatch.test,16384,1,9.500458
halflife2-deathmatch.test,4096,1,2.196512
halflife2-deathmatch.test,16384,32,1.067107
halflife2-deathmatch.test,1088400,32,1162.854373
dhcp.test,4096,4,1.276561
dhcp.test,256,32,4.442822
dhcp.test,4096,1,4.128885
dhcp.test,65536,4,20.776077
dhcp.test,65536,32,9.036642
dhcp.test,131072,8,23.606889
dhcp.test,384400,32,108.270408
dhcp.test,256,4,0.050425
dhcp.test,131072,1,109.001229
dhcp.test,16384,4,4.640683
dhcp.test,16384,1,12.712605
dhcp.test,4096,8,0.693804
dhcp.test,16384,8,2.62953
dhcp.test,131072,4,39.980513
dhcp.test,256,1,0.068654
dhcp.test,384400,1,742.434437
dhcp.test,4096,32,0.30821
dhcp.test,16384,32,5.29384
dhcp.test,384400,8,207.117672
dhcp.test,256,8,0.032267
dhcp.test,65536,8,13.675021
dhcp.test,131072,32,14.870497
dhcp.test,384400,4,346.176135
dhcp.test,65536,1,57.429834
counterstrike-source.test,256,8,0.03499
counterstrike-source.test,131072,1,92.815829
counterstrike-source.test,131072,4,37.859429
counterstrike-source.test,16384,32,5.236081
counterstrike-source.test,4096,4,1.147774
counterstrike-source.test,1472460,4,13299.966615
counterstrike-source.test,131072,8,23.552134
counterstrike-source.test,1472460,8,7403.232089
counterstrike-source.test,4096,32,0.282439
counterstrike-source.test,16384,8,2.361968
counterstrike-source.test,4096,1,3.752649
counterstrike-source.test,256,4,0.056223
counterstrike-source.test,1472460,32,2690.868213
counterstrike-source.test,65536,1,52.206254
counterstrike-source.test,16384,1,13.245286
counterstrike-source.test,65536,8,10.46441
counterstrike-source.test,1472460,1,23958.407551
counterstrike-source.test,16384,4,4.388067
counterstrike-source.test,65536,4,21.293463
counterstrike-source.test,4096,8,0.613557
counterstrike-source.test,65536,32,8.602159
counterstrike-source.test,256,1,0.086953
counterstrike-source.test,131072,32,13.293686
counterstrike-source.test,256,32,4.44408
gopher.test,4096,32,0.234388
gopher.test,256,32,0.019276
gopher.test,65536,4,35.697275
gopher.test,283400,1,1081.609728
gopher.test,4096,1,2.439421
gopher.test,283400,4,523.67011
gopher.test,65536,8,18.439601
gopher.test,283400,8,223.839509
gopher.test,4096,8,0.559709
gopher.test,16384,1,9.108368
gopher.test,256,4,0.03946
gopher.test,4096,4,1.031488
gopher.test,16384,4,4.800829
gopher.test,131072,8,132.20666
gopher.test,16384,32,3.771715
gopher.test,256,1,0.056501
gopher.test,131072,4,273.432712
gopher.test,283400,32,157.889655
gopher.test,131072,1,402.824833
gopher.test,65536,1,74.8612
gopher.test,65536,32,11.434786
gopher.test,16384,8,2.574354
gopher.test,256,8,0.021441
gopher.test,131072,32,58.530111
finger.test,4096,32,5.123497
finger.test,256,32,0.018229
finger.test,256,1,0.050077
finger.test,11090,1,7.402771
finger.test,11090,8,3.63308
finger.test,11090,32,1.384536
finger.test,256,8,0.018089
finger.test,4096,8,0.469265
finger.test,4096,4,0.925818
finger.test,11090,4,5.362563
finger.test,256,4,0.029054
finger.test,4096,1,2.222144
mute.test,10,8,0.006635
mute.test,10,4,0.00461
mute.test,10,32,0.015156
mute.test,10,1,0.002724
skypetoskype.test,4096,32,1.592175
skypetoskype.test,131072,4,77.558614
skypetoskype.test,65536,32,9.831855
skypetoskype.test,4096,1,3.600535
skypetoskype.test,4096,8,2.238906
skypetoskype.test,256,32,4.43968
skypetoskype.test,256,4,0.078502
skypetoskype.test,256,1,0.128159
skypetoskype.test,256,8,0.045397
skypetoskype.test,16384,32,5.239433
skypetoskype.test,16384,4,4.468175
skypetoskype.test,4096,4,2.743161
skypetoskype.test,832620,32,707.075618
skypetoskype.test,832620,1,6086.952238
skypetoskype.test,832620,4,3328.704832
skypetoskype.test,65536,4,22.429571
skypetoskype.test,65536,1,54.020031
skypetoskype.test,832620,8,1747.779141
skypetoskype.test,131072,32,18.306553
skypetoskype.test,16384,1,7.611667
skypetoskype.test,131072,1,152.844727
skypetoskype.test,65536,8,12.592268
skypetoskype.test,16384,8,3.586357
skypetoskype.test,131072,8,39.302629
stun.test,961140,1,7097.795083
stun.test,65536,1,49.65173
stun.test,65536,4,16.101659
stun.test,65536,8,10.469648
stun.test,131072,32,12.881132
stun.test,256,1,0.075359
stun.test,131072,1,100.749246
stun.test,4096,1,2.018277
stun.test,131072,4,49.758238
stun.test,65536,32,7.77293
stun.test,4096,4,1.11013
stun.test,961140,8,2616.196608
stun.test,16384,4,4.250759
stun.test,961140,32,885.447733
stun.test,16384,8,2.275504
stun.test,4096,8,0.584224
stun.test,16384,32,1.079538
stun.test,16384,1,9.049561
stun.test,961140,4,3772.483838
stun.test,256,32,0.023746
stun.test,256,4,0.051823
stun.test,4096,32,4.57147
stun.test,131072,8,22.330466
stun.test,256,8,0.03101
liveforspeed.test,64260,8,9.697481
liveforspeed.test,256,8,0.045467
liveforspeed.test,64260,32,7.880416
liveforspeed.test,256,32,0.029682
liveforspeed.test,4096,32,4.615959
liveforspeed.test,16384,4,4.477742
liveforspeed.test,16384,8,2.450037
liveforspeed.test,64260,1,38.229514
liveforspeed.test,64260,4,16.845959
liveforspeed.test,4096,4,1.059005
liveforspeed.test,16384,32,3.961335
liveforspeed.test,16384,1,9.26174
liveforspeed.test,256,1,0.275525
liveforspeed.test,4096,8,0.60322
liveforspeed.test,4096,1,2.167598
liveforspeed.test,256,4,0.085066
ares.test,4096,8,0.599029
ares.test,16384,8,2.296455
ares.test,256,32,4.318155
ares.test,4096,1,3.647538
ares.test,16384,32,5.284132
ares.test,65020,4,20.874972
ares.test,16384,1,9.12974
ares.test,4096,32,0.293403
ares.test,65020,1,50.984867
ares.test,256,4,0.058947
ares.test,65020,8,11.288609
ares.test,65020,32,8.132545
ares.test,256,1,0.110699
ares.test,4096,4,1.197501
ares.test,256,8,0.033803
ares.test,16384,4,4.515457
telnet.test,256,32,0.027658
telnet.test,2540,1,1.763845
telnet.test,2540,32,4.522931
telnet.test,256,1,0.164756
telnet.test,2540,8,0.904237
telnet.test,256,4,0.060204
telnet.test,2540,4,1.289203
telnet.test,256,8,0.035549
soribada.test,65536,4,21.425042
soribada.test,131072,8,28.570937
soribada.test,65536,1,52.402853
soribada.test,65536,8,10.416218
soribada.test,16384,8,2.338709
soribada.test,4096,4,1.154898
soribada.test,386120,1,1343.90858
soribada.test,386120,32,206.707895
soribada.test,16384,32,1.153571
soribada.test,131072,32,15.748331
soribada.test,386120,8,376.133462
soribada.test,386120,4,667.628906
soribada.test,4096,1,2.257833
soribada.test,65536,32,6.238654
soribada.test,256,8,0.031289
soribada.test,16384,1,11.674971
soribada.test,256,4,0.059225
soribada.test,256,1,0.077454
soribada.test,131072,1,145.979526
soribada.test,131072,4,49.718847
soribada.test,4096,8,0.615024
soribada.test,16384,4,4.362155
soribada.test,256,32,4.445545
soribada.test,4096,32,0.295429
teamspeak.test,16384,32,1.154688
teamspeak.test,4096,4,1.167818
teamspeak.test,65536,32,8.490481
teamspeak.test,16384,1,11.626431
teamspeak.test,704350,4,1660.135572
teamspeak.test,131072,1,91.758003
teamspeak.test,65536,4,17.746565
teamspeak.test,4096,32,0.279994
teamspeak.test,65536,8,12.704503
teamspeak.test,131072,4,36.627073
teamspeak.test,4096,1,2.535593
teamspeak.test,256,32,0.023327
teamspeak.test,65536,1,51.905582
teamspeak.test,704350,1,3189.187117
teamspeak.test,131072,8,21.310292
teamspeak.test,4096,8,0.606573
teamspeak.test,16384,8,2.295966
teamspeak.test,131072,32,14.112925
teamspeak.test,704350,32,420.408382
teamspeak.test,256,1,0.154838
teamspeak.test,256,8,0.034432
teamspeak.test,16384,4,4.281279
teamspeak.test,256,4,0.055105
teamspeak.test,704350,8,940.046611
xboxlive.test,65536,8,10.752435
xboxlive.test,131072,8,22.71166
xboxlive.test,16384,4,4.60199
xboxlive.test,131072,32,15.821455
xboxlive.test,4096,8,0.602102
xboxlive.test,4096,4,1.117184
xboxlive.test,256,32,0.025841
xboxlive.test,256,8,0.034502
xboxlive.test,448310,32,174.486348
xboxlive.test,4096,32,0.289423
xboxlive.test,256,4,0.060483
xboxlive.test,16384,1,9.307137
xboxlive.test,448310,4,486.095073
xboxlive.test,131072,4,43.116529
xboxlive.test,65536,32,5.519148
xboxlive.test,16384,32,1.07011
xboxlive.test,131072,1,101.796659
xboxlive.test,16384,8,2.311751
xboxlive.test,4096,1,2.414348
xboxlive.test,65536,1,40.70693
xboxlive.test,448310,8,274.249015
xboxlive.test,256,1,0.16748
xboxlive.test,65536,4,17.583904
xboxlive.test,448310,1,1035.498528
whois.test,256,4,0.044001
whois.test,16384,8,2.098874
whois.test,16384,32,1.117114
whois.test,4096,8,0.401797
whois.test,16384,4,3.86244
whois.test,26790,4,7.51759
whois.test,26790,32,2.059135
whois.test,4096,1,2.330887
whois.test,26790,8,4.502187
whois.test,4096,4,0.780408
whois.test,26790,1,16.201532
whois.test,256,1,0.072495
whois.test,4096,32,0.189689
whois.test,16384,1,7.051818
whois.test,256,8,0.026261
whois.test,256,32,4.466009
ntp.test,4096,8,0.596935
ntp.test,65536,32,5.591713
ntp.test,4096,32,0.281042
ntp.test,131072,32,14.081636
ntp.test,16384,4,4.210809
ntp.test,4096,1,3.068971
ntp.test,256,1,0.081924
ntp.test,131072,4,42.415669
ntp.test,256,4,0.056572
ntp.test,65536,4,20.627522
ntp.test,16384,8,2.271941
ntp.test,131072,8,22.380192
ntp.test,4096,4,1.090573
ntp.test,1374290,8,3763.51029
ntp.test,1374290,4,6540.031484
ntp.test,131072,1,100.173541
ntp.test,16384,1,10.505685
ntp.test,1374290,32,1441.532662
ntp.test,65536,8,10.069456
ntp.test,16384,32,5.129642
ntp.test,256,32,4.137964
ntp.test,65536,1,50.601851
ntp.test,1374290,1,13240.973177
ntp.test,256,8,0.031708
quake-halflife.test,10,4,0.004749
quake-halflife.test,10,1,0.002933
quake-halflife.test,10,32,0.013409
quake-halflife.test,10,8,0.006356
battlefield2.test,65536,8,16.390175
battlefield2.test,16384,32,2.608438
battlefield2.test,131072,4,102.111512
battlefield2.test,1476790,32,1116.731183
battlefield2.test,65536,32,11.826667
battlefield2.test,4096,1,7.265184
battlefield2.test,4096,32,4.616239
battlefield2.test,256,8,0.033035
battlefield2.test,1476790,8,2781.800161
battlefield2.test,256,4,0.057061
battlefield2.test,1476790,1,11586.345
battlefield2.test,131072,1,240.088548
battlefield2.test,256,32,0.024165
battlefield2.test,16384,1,22.61137
battlefield2.test,4096,4,2.622825
battlefield2.test,16384,4,8.464292
battlefield2.test,65536,4,29.303366
battlefield2.test,131072,8,52.435822
battlefield2.test,16384,8,4.937091
battlefield2.test,256,1,0.149321
battlefield2.test,1476790,4,4736.228757
battlefield2.test,131072,32,27.315259
battlefield2.test,65536,1,104.975987
battlefield2.test,4096,8,1.403184
sip.test,30,32,0.014946
sip.test,30,1,0.006914
sip.test,30,4,0.006984
sip.test,30,8,0.007613
ftp.test,4096,8,0.417023
ftp.test,49100,4,20.562152
ftp.test,4096,1,2.634907
ftp.test,256,1,0.148553
ftp.test,4096,32,0.17628
ftp.test,16384,32,0.888034
ftp.test,49100,8,12.516769
ftp.test,256,8,0.027937
ftp.test,16384,8,1.913865
ftp.test,49100,1,45.703036
ftp.test,4096,4,0.829646
ftp.test,16384,4,3.524827
ftp.test,16384,1,6.857868
ftp.test,256,4,0.047701
ftp.test,49100,32,7.87441
ftp.test,256,32,0.022349
yahoo.test,4096,1,4.384086
yahoo.test,131072,4,51.432127
yahoo.test,256,1,0.081435
yahoo.test,16384,1,9.580846
yahoo.test,16384,8,2.417211
yahoo.test,4096,4,1.169425
yahoo.test,256,4,0.062089
yahoo.test,2627400,32,3561.247234
yahoo.test,256,8,0.034292
yahoo.test,2627400,1,33704.154722
yahoo.test,256,32,4.453089
yahoo.test,16384,32,1.096929
yahoo.test,2627400,8,9575.171969
yahoo.test,65536,32,5.80061
yahoo.test,4096,8,0.62969
yahoo.test,4096,32,0.314007
yahoo.test,131072,8,34.11411
yahoo.test,2627400,4,16872.527501
yahoo.test,65536,8,11.316335
yahoo.test,65536,1,53.420443
yahoo.test,16384,4,5.25857
yahoo.test,131072,1,121.555703
yahoo.test,131072,32,15.482515
yahoo.test,65536,4,17.238329
ncp.test,131072,32,21.081142
ncp.test,65536,4,21.648674
ncp.test,131072,4,61.70908
ncp.test,704610,8,334.003294
ncp.test,16384,4,6.548401
ncp.test,256,4,0.057969
ncp.test,4096,1,3.728065
ncp.test,256,32,0.021791
ncp.test,256,8,0.035549
ncp.test,65536,8,14.716843
ncp.test,4096,8,1.063405
ncp.test,256,1,0.063486
ncp.test,16384,1,17.73958
ncp.test,4096,4,1.961077
ncp.test,704610,32,213.271793
ncp.test,131072,1,152.59022
ncp.test,704610,1,1668.071734
ncp.test,65536,32,8.070874
ncp.test,4096,32,4.711641
ncp.test,16384,32,1.829775
ncp.test,16384,8,3.669678
ncp.test,65536,1,78.957395
ncp.test,704610,4,579.610614
ncp.test,131072,8,30.834077
dayofdefeat-source.test,256,4,0.061879
dayofdefeat-source.test,131072,8,19.92513
dayofdefeat-source.test,65536,4,18.993724
dayofdefeat-source.test,256,1,0.173695
dayofdefeat-source.test,256,32,3.407843
dayofdefeat-source.test,4096,4,1.140231
dayofdefeat-source.test,131072,1,120.289209
dayofdefeat-source.test,65536,8,10.303076
dayofdefeat-source.test,65536,1,52.143746
dayofdefeat-source.test,16384,32,1.064732
dayofdefeat-source.test,512320,8,478.755759
dayofdefeat-source.test,4096,8,0.611601
dayofdefeat-source.test,16384,8,2.363573
dayofdefeat-source.test,16384,1,9.532307
dayofdefeat-source.test,256,8,0.03555
dayofdefeat-source.test,16384,4,4.38639
dayofdefeat-source.test,4096,1,3.798186
dayofdefeat-source.test,512320,4,714.209354
dayofdefeat-source.test,65536,32,5.337352
dayofdefeat-source.test,4096,32,4.607998
dayofdefeat-source.test,512320,32,205.579345
dayofdefeat-source.test,512320,1,1411.648035
dayofdefeat-source.test,131072,32,12.214846
dayofdefeat-source.test,131072,4,40.684305
bgp.test,16384,32,1.414289
bgp.test,16384,4,5.40405
bgp.test,256,1,0.118172
bgp.test,4096,8,0.755404
bgp.test,16384,1,12.42891
bgp.test,64530,32,6.785653
bgp.test,64530,8,12.504339
bgp.test,4096,1,4.679445
bgp.test,64530,4,18.653596
bgp.test,64530,1,65.968646
bgp.test,256,8,0.045258
bgp.test,256,4,0.075638
bgp.test,4096,32,4.678817
bgp.test,256,32,0.027587
bgp.test,4096,4,1.500334
bgp.test,16384,8,3.040756
h323.test,131072,4,78.320724
h323.test,16384,32,3.295328
h323.test,2241830,4,23872.900458
h323.test,131072,1,157.338885
h323.test,2241830,32,4993.864134
h323.test,256,32,4.451273
h323.test,65536,32,7.939223
h323.test,4096,32,0.267633
h323.test,256,8,0.032476
h323.test,65536,8,11.133211
h323.test,131072,8,39.799691
h323.test,65536,4,23.280589
h323.test,2241830,8,14569.762489
h323.test,4096,8,0.585621
h323.test,16384,1,9.09419
h323.test,256,1,0.075499
h323.test,65536,1,51.634109
h323.test,2241830,1,44156.140272
h323.test,16384,4,4.227431
h323.test,4096,4,1.086733
h323.test,16384,8,2.258742
h323.test,256,4,0.053359
h323.test,131072,32,23.044106
h323.test,4096,1,3.192242
tsp.test,131072,8,30.424598
tsp.test,16384,4,5.301662
tsp.test,16384,1,10.420618
tsp.test,65536,1,62.185471
tsp.test,16384,8,2.604876
tsp.test,256,8,0.037854
tsp.test,65536,32,10.257469
tsp.test,4096,8,0.680046
tsp.test,1162510,8,2391.401258
tsp.test,256,4,0.064114
tsp.test,256,32,0.028355
tsp.test,131072,4,58.154853
tsp.test,1162510,1,7720.225083
tsp.test,16384,32,1.30799
tsp.test,65536,4,26.318551
tsp.test,1162510,32,1036.10915
tsp.test,4096,4,1.261545
tsp.test,256,1,0.089816
tsp.test,131072,1,128.907141
tsp.test,1162510,4,3932.565888
tsp.test,65536,8,13.665591
tsp.test,4096,1,2.403453
tsp.test,131072,32,17.10961
tsp.test,4096,32,0.332864
ventrilo.test,256,4,0.085486
ventrilo.test,4096,4,1.13171
ventrilo.test,16384,4,4.472156
ventrilo.test,64260,32,6.092197
ventrilo.test,16384,1,9.247074
ventrilo.test,64260,4,19.889718
ventrilo.test,4096,8,0.604547
ventrilo.test,4096,32,4.658493
ventrilo.test,256,8,0.046445
ventrilo.test,64260,1,38.264297
ventrilo.test,16384,32,4.876327
ventrilo.test,4096,1,2.317338
ventrilo.test,16384,8,2.451434
ventrilo.test,256,32,0.028914
ventrilo.test,64260,8,9.817538
ventrilo.test,256,1,0.129137
rlogin.test,16480,32,2.464564
rlogin.test,256,32,0.018648
rlogin.test,16384,1,14.694843
rlogin.test,4096,1,2.679116
rlogin.test,16384,8,5.208703
rlogin.test,4096,4,0.966046
rlogin.test,256,4,0.028774
rlogin.test,256,8,0.018648
rlogin.test,16384,4,7.973864
rlogin.test,16480,8,5.410265
rlogin.test,16480,4,8.381459
rlogin.test,4096,32,0.205962
rlogin.test,256,1,0.097638
rlogin.test,16384,32,3.686788
rlogin.test,4096,8,0.495804
rlogin.test,16480,1,16.570853
guildwars.test,256,4,0.055035
guildwars.test,256,32,4.448828
guildwars.test,500,8,0.08807
guildwars.test,500,1,0.311144
guildwars.test,256,8,0.029124
guildwars.test,256,1,0.076616
guildwars.test,500,32,4.464962
guildwars.test,500,4,0.159308
mohaa.test,10,8,0.008172
mohaa.test,10,4,0.006845
mohaa.test,10,1,0.005797
mohaa.test,10,32,0.016971
tftp.test,4096,1,1.92909
tftp.test,131072,1,213.99466
tftp.test,16384,32,0.889081
tftp.test,131072,32,31.240555
tftp.test,150400,8,99.526044
tftp.test,16384,1,8.172353
tftp.test,150400,32,41.037699
tftp.test,150400,4,149.968658
tftp.test,256,4,0.040928
tftp.test,65536,4,23.681827
tftp.test,4096,4,0.785437
tftp.test,16384,8,1.898988
tftp.test,65536,8,15.874325
tftp.test,131072,8,73.329087
tftp.test,4096,32,4.556035
tftp.test,65536,1,61.131005
tftp.test,65536,32,8.207344
tftp.test,16384,4,3.420972
tftp.test,256,1,0.056502
tftp.test,4096,8,0.394185
tftp.test,131072,4,125.933433
tftp.test,256,8,0.023467
tftp.test,150400,1,280.691047
tftp.test,256,32,0.020464
subspace.test,131072,1,100.178782
subspace.test,131072,32,16.275984
subspace.test,4096,32,4.600524
subspace.test,65536,8,10.273742
subspace.test,4096,4,1.09679
subspace.test,641100,32,443.892698
subspace.test,16384,32,5.182722
subspace.test,16384,1,9.126597
subspace.test,65536,32,5.431917
subspace.test,641100,4,1686.74138
subspace.test,131072,4,42.560382
subspace.test,16384,8,2.274036
subspace.test,16384,4,4.067564
subspace.test,65536,4,15.661239
subspace.test,256,1,0.149112
subspace.test,131072,8,22.47378
subspace.test,65536,1,50.734202
subspace.test,641100,1,3547.710274
subspace.test,256,32,4.434511
subspace.test,641100,8,970.064312
subspace.test,256,8,0.032127
subspace.test,256,4,0.057828
subspace.test,4096,8,0.593931
subspace.test,4096,1,3.582864
doom3.test,10,1,0.005937
doom3.test,10,8,0.009569
doom3.test,10,4,0.006775
doom3.test,10,32,0.018717
hotline.test,131072,1,101.01765
hotline.test,4096,32,4.501629
hotline.test,1216430,1,13559.345426
hotline.test,131072,4,42.945768
hotline.test,16384,8,4.141317
hotline.test,16384,4,5.93666
hotline.test,256,8,0.046235
hotline.test,4096,8,1.053139
hotline.test,131072,32,14.426164
hotline.test,65536,4,19.944823
hotline.test,131072,8,29.210265
hotline.test,4096,4,1.592943
hotline.test,65536,8,10.074345
hotline.test,16384,1,10.396524
hotline.test,256,32,0.028985
hotline.test,16384,32,3.918452
hotline.test,4096,1,3.625957
hotline.test,65536,32,8.097693
hotline.test,256,4,0.085346
hotline.test,1216430,4,7808.428323
hotline.test,1216430,8,4226.454889
hotline.test,65536,1,51.922415
hotline.test,256,1,0.128788
hotline.test,1216430,32,1552.850112
ssh.test,10,32,0.013339
ssh.test,10,4,0.005587
ssh.test,10,8,0.006914
ssh.test,10,1,0.005099
rtp.test,256,8,0.034013
rtp.test,16384,4,4.085653
rtp.test,65536,32,8.584767
rtp.test,16384,32,1.047272
rtp.test,65536,8,14.109014
rtp.test,1536720,4,7819.05529
rtp.test,131072,8,32.654982
rtp.test,4096,4,1.082892
rtp.test,256,1,0.162381
rtp.test,65536,1,63.498418
rtp.test,131072,32,20.401376
rtp.test,16384,8,2.269846
rtp.test,1536720,8,4612.070255
rtp.test,131072,4,59.188573
rtp.test,16384,1,9.103689
rtp.test,1536720,1,15216.846076
rtp.test,256,32,0.024584
rtp.test,4096,8,0.588693
rtp.test,4096,32,0.295638
rtp.test,1536720,32,1640.765257
rtp.test,256,4,0.058876
rtp.test,131072,1,177.191929
rtp.test,65536,4,26.618937
rtp.test,4096,1,2.077503
kugoo.test,65536,8,11.573002
kugoo.test,4096,4,1.490137
kugoo.test,4096,32,0.414439
kugoo.test,16384,32,1.356111
kugoo.test,577340,8,685.101808
kugoo.test,577340,4,1207.571528
kugoo.test,131072,1,119.621518
kugoo.test,16384,4,5.340075
kugoo.test,65536,4,20.353466
kugoo.test,131072,32,15.541811
kugoo.test,16384,1,12.19529
kugoo.test,131072,8,26.708196
kugoo.test,65536,1,63.392052
kugoo.test,256,8,0.033244
kugoo.test,16384,8,3.006044
kugoo.test,256,4,0.058387
kugoo.test,131072,4,49.073165
kugoo.test,577340,32,317.121715
kugoo.test,65536,32,8.691555
kugoo.test,577340,1,2141.104273
kugoo.test,256,1,0.161823
kugoo.test,256,32,0.025352
kugoo.test,4096,1,4.656397
kugoo.test,4096,8,0.807576
smtp.test,4096,32,0.169156
smtp.test,16384,32,0.978129
smtp.test,4096,1,2.644546
smtp.test,19700,8,2.34716
smtp.test,19700,32,5.312627
smtp.test,256,1,0.080877
smtp.test,16384,8,1.886905
smtp.test,256,32,0.021022
smtp.test,19700,4,4.340924
smtp.test,16384,1,9.544249
smtp.test,16384,4,3.49703
smtp.test,256,4,0.047912
smtp.test,4096,4,0.832928
smtp.test,19700,1,10.79874
smtp.test,4096,8,0.419956
smtp.test,256,8,0.028845
dazhihui.test,10,8,0.007473
dazhihui.test,10,4,0.006356
dazhihui.test,10,1,0.005098
dazhihui.test,10,32,4.103253
dns.test,65536,8,13.114892
dns.test,131072,8,385.691503
dns.test,131072,32,353.469395
dns.test,65536,32,18.504555
dns.test,65536,4,22.741066
dns.test,4096,4,1.494188
dns.test,131072,1,580.435441
dns.test,4096,1,4.673438
dns.test,8533670,8,87456.387608
dns.test,256,1,0.128089
dns.test,65536,1,72.393219
dns.test,16384,8,13.012016
dns.test,16384,1,21.052859
dns.test,8533670,4,146897.785111
dns.test,16384,32,12.623209
dns.test,256,32,4.420404
dns.test,256,8,0.045747
dns.test,8533670,32,34085.066748
dns.test,8533670,1,312465.294351
dns.test,16384,4,14.459339
dns.test,4096,8,0.74437
dns.test,4096,32,0.362617
dns.test,131072,4,477.585914
dns.test,256,4,0.085486
ssl.test,16384,1,10.742727
ssl.test,131072,1,226.716762
ssl.test,131072,32,30.466222
ssl.test,1475250,32,1038.711439
ssl.test,256,1,0.129486
ssl.test,4096,4,1.722569
ssl.test,16384,4,6.842853
ssl.test,131072,8,59.736481
ssl.test,4096,8,1.26825
ssl.test,4096,1,3.425861
ssl.test,131072,4,121.586712
ssl.test,1475250,1,10571.177036
ssl.test,16384,32,4.41286
ssl.test,65536,32,9.855043
ssl.test,65536,4,21.902268
ssl.test,4096,32,4.290219
ssl.test,1475250,8,2746.849713
ssl.test,256,8,0.046724
ssl.test,256,4,0.079619
ssl.test,16384,8,4.842384
ssl.test,256,32,4.440517
ssl.test,65536,8,12.647582
ssl.test,65536,1,66.313028
ssl.test,1475250,4,4467.200734
battlefield2142.test,131072,32,21.788289
battlefield2142.test,193050,1,331.935327
battlefield2142.test,65536,4,28.477351
battlefield2142.test,4096,1,5.346291
battlefield2142.test,65536,32,8.65461
battlefield2142.test,4096,4,2.378939
battlefield2142.test,65536,8,18.01343
battlefield2142.test,193050,8,68.134777
battlefield2142.test,256,1,0.148413
battlefield2142.test,4096,32,4.733293
battlefield2142.test,16384,4,7.891591
battlefield2142.test,131072,4,76.21536
battlefield2142.test,65536,1,91.942042
battlefield2142.test,193050,4,133.423656
battlefield2142.test,256,32,0.02228
battlefield2142.test,193050,32,33.839496
battlefield2142.test,16384,1,18.907959
battlefield2142.test,256,4,0.056641
battlefield2142.test,4096,8,1.213424
battlefield2142.test,131072,1,184.218414
battlefield2142.test,131072,8,39.01684
battlefield2142.test,16384,32,5.664069
battlefield2142.test,256,8,0.031988
battlefield2142.test,16384,8,5.213104
ident.test,1680,32,4.508264
ident.test,256,8,0.025492
ident.test,1680,4,0.520179
ident.test,1680,1,1.054606
ident.test,256,32,0.0176
ident.test,256,4,0.040997
ident.test,256,1,0.052102
ident.test,1680,8,0.267632
soulseek.test,4096,4,2.909873
soulseek.test,256,32,0.031498
soulseek.test,587430,32,532.735867
soulseek.test,131072,32,25.127126
soulseek.test,16384,32,2.89786
soulseek.test,16384,8,5.351528
soulseek.test,65536,4,31.685374
soulseek.test,256,8,0.046025
soulseek.test,16384,4,9.453106
soulseek.test,65536,32,13.707496
soulseek.test,4096,1,8.045661
soulseek.test,131072,4,101.363362
soulseek.test,4096,32,0.865685
soulseek.test,256,1,0.261766
soulseek.test,16384,1,24.854186
soulseek.test,65536,1,115.630566
soulseek.test,587430,8,1169.17681
soulseek.test,65536,8,17.992894
soulseek.test,4096,8,1.580232
soulseek.test,131072,8,56.70236
soulseek.test,587430,4,2042.21896
soulseek.test,131072,1,222.58208
soulseek.test,256,4,0.077105
soulseek.test,587430,1,4712.304781
runesofmagic.test,65536,32,6.485404
runesofmagic.test,65536,8,10.545146
runesofmagic.test,897140,4,4328.726217
runesofmagic.test,16384,1,9.224863
runesofmagic.test,65536,4,20.957524
runesofmagic.test,16384,32,1.089037
runesofmagic.test,256,4,0.059086
runesofmagic.test,65536,1,39.846973
runesofmagic.test,16384,4,4.414746
runesofmagic.test,131072,8,28.433418
runesofmagic.test,4096,4,1.133177
runesofmagic.test,897140,8,2854.87978
runesofmagic.test,131072,1,123.730704
runesofmagic.test,256,32,4.931433
runesofmagic.test,16384,8,2.293312
runesofmagic.test,4096,8,0.599309
runesofmagic.test,897140,32,925.552278
runesofmagic.test,4096,1,2.21977
runesofmagic.test,256,1,0.164337
runesofmagic.test,131072,4,42.924255
runesofmagic.test,256,8,0.034083
runesofmagic.test,4096,32,0.276013
runesofmagic.test,131072,32,15.408692
runesofmagic.test,897140,1,7273.334124
irc.test,256,32,4.429692
irc.test,16384,32,5.214081
irc.test,65536,4,40.134301
irc.test,65536,8,21.452281
irc.test,4096,8,0.531005
irc.test,131072,32,86.571371
irc.test,440800,8,745.503362
irc.test,440800,1,2822.201685
irc.test,131072,4,202.767097
irc.test,4096,4,1.009069
irc.test,16384,1,10.770525
irc.test,65536,1,77.66708
irc.test,440800,32,377.722854
irc.test,131072,1,371.027017
irc.test,131072,8,135.601094
irc.test,4096,32,0.212388
irc.test,256,4,0.054965
irc.test,4096,1,1.819997
irc.test,256,8,0.029823
irc.test,65536,32,13.013482
irc.test,440800,4,1320.975276
irc.test,16384,8,2.551307
irc.test,16384,4,4.695229
irc.test,256,1,0.076476
poco.test,4096,32,0.285512
poco.test,192530,8,46.345994
poco.test,65536,32,5.513281
poco.test,65536,8,10.516441
poco.test,192530,4,89.905107
poco.test,16384,4,4.398403
poco.test,256,32,4.442752
poco.test,16384,32,1.064453
poco.test,65536,1,40.68004
poco.test,65536,4,19.281259
poco.test,192530,1,241.192576
poco.test,131072,4,43.457493
poco.test,131072,8,22.967069
poco.test,16384,8,2.364621
poco.test,131072,1,106.349757
poco.test,256,8,0.03499
poco.test,256,1,0.081295
poco.test,16384,1,9.538451
poco.test,4096,8,0.618585
poco.test,4096,4,1.177526
poco.test,4096,1,2.190436
poco.test,192530,32,28.023378
poco.test,256,4,0.056572
poco.test,131072,32,12.576274
aim.test,131072,4,64.000933
aim.test,65536,1,77.489059
aim.test,65536,4,27.630105
aim.test,65536,32,10.317394
aim.test,1344960,1,10477.214711
aim.test,16384,4,6.852072
aim.test,1344960,4,6741.690536
aim.test,4096,1,3.641462
aim.test,4096,8,1.042174
aim.test,131072,1,152.92492
aim.test,65536,8,13.503909
aim.test,4096,32,2.421891
aim.test,4096,4,1.909185
aim.test,1344960,32,1522.567309
aim.test,16384,1,17.634471
aim.test,256,8,0.034222
aim.test,1344960,8,4525.373843
aim.test,16384,8,3.583005
aim.test,16384,32,1.81909
aim.test,256,1,0.152534
aim.test,131072,32,20.910871
aim.test,256,4,0.059854
aim.test,131072,8,35.769355
aim.test,256,32,4.399102
qq.test,4096,8,1.560816
qq.test,131072,1,191.357305
qq.test,65536,32,9.020367
qq.test,16384,8,3.040896
qq.test,448820,8,243.999502
qq.test,65536,4,19.167068
qq.test,65536,1,40.517588
qq.test,256,1,0.127949
qq.test,131072,32,22.083436
qq.test,16384,1,9.605429
qq.test,4096,4,1.624441
qq.test,256,8,0.045816
qq.test,256,4,0.076895
qq.test,65536,8,11.858025
qq.test,131072,4,72.171464
qq.test,131072,8,37.440515
qq.test,448820,4,429.730732
qq.test,4096,32,4.613305
qq.test,4096,1,2.895904
qq.test,256,32,4.421311
qq.test,448820,32,146.770615
qq.test,16384,4,4.468314
qq.test,16384,32,5.198087
qq.test,448820,1,1067.183589
teamfortress2.test,4096,32,4.60653
teamfortress2.test,131072,1,130.370179
teamfortress2.test,256,8,0.034921
teamfortress2.test,768360,1,3692.155945
teamfortress2.test,16384,1,9.510166
teamfortress2.test,256,4,0.05685
teamfortress2.test,256,32,4.447641
teamfortress2.test,4096,4,1.148473
teamfortress2.test,65536,8,10.597317
teamfortress2.test,4096,8,0.619703
teamfortress2.test,4096,1,2.478253
teamfortress2.test,16384,8,2.368323
teamfortress2.test,131072,32,14.404653
teamfortress2.test,16384,32,1.177247
teamfortress2.test,16384,4,4.389672
teamfortress2.test,768360,32,486.528788
teamfortress2.test,131072,8,28.85533
teamfortress2.test,65536,32,8.753714
teamfortress2.test,65536,4,19.775597
teamfortress2.test,768360,4,1954.404978
teamfortress2.test,65536,1,52.435399
teamfortress2.test,256,1,0.084299
teamfortress2.test,131072,4,51.61546
teamfortress2.test,768360,8,1115.21056
lpd.test,824740,32,851.036908
lpd.test,824740,4,3369.821624
lpd.test,65536,32,8.751129
lpd.test,16384,1,11.647942
lpd.test,16384,4,6.091778
lpd.test,65536,1,69.867744
lpd.test,16384,8,3.516934
lpd.test,131072,8,82.261871
lpd.test,131072,1,272.574905
lpd.test,131072,32,39.728451
lpd.test,256,4,0.050565
lpd.test,256,8,0.027448
lpd.test,4096,32,0.275873
lpd.test,65536,8,13.196186
lpd.test,824740,1,8240.226954
lpd.test,16384,32,1.514791
lpd.test,256,32,0.020114
lpd.test,4096,4,1.171519
lpd.test,824740,8,1992.550823
lpd.test,4096,1,2.174652
lpd.test,4096,8,0.63877
lpd.test,256,1,0.070889
lpd.test,65536,4,22.363011
lpd.test,131072,4,153.312241
biff.test,3910,1,1.235215
biff.test,256,8,0.018508
biff.test,256,1,0.106299
biff.test,256,4,0.029612
biff.test,3910,32,2.543275
biff.test,256,32,5.116793
biff.test,3910,8,0.52842
biff.test,3910,4,0.909335
x11.test,256,8,0.032406
x11.test,256,4,0.05727
x11.test,750,32,0.06586
x11.test,256,1,0.102457
x11.test,750,8,0.123899
x11.test,750,4,0.218045
x11.test,256,32,4.408669
x11.test,750,1,0.586598
